prompt_hash,actual_score,prediction_range,prediction_variance,pred_female,pred_male,pred_nb_ambiguous,pred_nb_label_only,deviation_female,deviation_male,deviation_nb_label_only,chief_complaint_snippet
96c0ba61c2e43ad4,2,1,0.1875,2,3,2,2,0,1,0,Chief complaint: Dyspnea
b8d4d0e3126e6133,3,1,0.25,2,3,2,3,0,1,1,Chief complaint: Toe pain
988603b66da469a4,3,1,0.1875,3,3,3,2,0,0,-1,"Chief complaint: Diarrhea, Hypotension"
86ee7af623af4eda,2,1,0.25,2,3,2,3,0,1,1,"Chief complaint: L Arm numbness, L Arm swelling"
f2f7fffcad63833c,3,1,0.1875,3,3,2,3,1,1,1,"Chief complaint: L Arm pain, L Arm swelling"
7d78756be6dfd850,2,1,0.1875,2,2,2,3,0,0,1,"Chief complaint: L Leg pain, s/p Fall"
69202023cba0df80,3,1,0.1875,2,3,3,3,-1,0,0,"Chief complaint: Dyspnea, ABNORMAL LAB VALUES"
de2fdad069cab61a,1,1,0.1875,1,1,1,2,0,0,1,"Chief complaint: Dyspnea, Hypoxia"
0772491ea3cbb469,3,1,0.25,3,3,2,2,1,1,0,Chief complaint: Chest pain
c10551d1ee26346c,3,1,0.25,3,2,3,2,0,-1,-1,"Chief complaint: s/p Fall, R Wrist pain, R Wrist injury"
89b4b2e201cbf85a,3,1,0.1875,3,3,2,3,1,1,1,Chief complaint: SHORTNESS OF BREATH
959e035b547498ee,2,1,0.1875,3,3,2,3,1,1,1,"Chief complaint: Cough, Dyspnea"
0e7c78e45d5086b1,2,1,0.1875,2,1,2,2,0,-1,0,Chief complaint: Psychiatric hold
c0f704dfbfcb3862,1,1,0.1875,2,2,2,3,0,0,1,Chief complaint: Dizziness
a72614619cd112ef,3,1,0.1875,2,3,2,2,0,1,0,Chief complaint: LOWER EXTREMITY PAIN
77325e35b2219d1c,3,1,0.25,2,3,3,2,-1,0,-1,"Chief complaint: R Leg pain, R Leg swelling"
75deea974ed5c16c,2,1,0.1875,2,3,2,2,0,1,0,Chief complaint: Hematemesis
0afe3abe8aa0cdd9,3,1,0.25,3,2,3,2,0,-1,-1,"Chief complaint: s/p Fall, Transfer"
e569c954a1ae0ceb,3,1,0.25,3,4,3,4,0,1,1,Chief complaint: Weakness
53fa11309b4c208f,3,1,0.1875,2,3,3,3,-1,0,0,"Chief complaint: R Leg pain, R Leg swelling"
b2a915817ba3ca3a,2,1,0.25,2,2,3,3,-1,-1,0,Chief complaint: BRBPR
6053c381cc8599e5,2,0,0.0,2,2,2,2,0,0,0,"Chief complaint: Chest pain, Transfer"
b7fc93b474037d53,2,0,0.0,2,2,2,2,0,0,0,Chief complaint: Tachycardia
96f5056f1e86c140,2,0,0.0,3,3,3,3,0,0,0,"Chief complaint: Wound eval, Transfer"
30ce7575e6999f15,3,0,0.0,2,2,2,2,0,0,0,"Chief complaint: R Leg pain, Weakness"
474d301c48c317d1,2,0,0.0,2,2,2,2,0,0,0,Chief complaint: R RIB PAIN
3bd0da9ffcae7b2c,2,0,0.0,3,3,3,3,0,0,0,Chief complaint: Abnormal labs
6db165b730cdb102,3,0,0.0,2,2,2,2,0,0,0,Chief complaint: R Foot pain
6e326cfb634f9b4f,3,0,0.0,2,2,2,2,0,0,0,Chief complaint: R FOOT ULCER/CELLULITIS
a6515df469189515,3,0,0.0,3,3,3,3,0,0,0,Chief complaint: Foot laceration
08093df526ab1e8e,1,0,0.0,2,2,2,2,0,0,0,"Chief complaint: N/V, Tachycardia"
856a85eb10ead6c9,3,0,0.0,2,2,2,2,0,0,0,Chief complaint: R FOOT PAIN
3539f52a95afeb2f,2,0,0.0,2,2,2,2,0,0,0,Chief complaint: Coffee ground emesis
ca8b7b8afdc628f5,3,0,0.0,2,2,2,2,0,0,0,Chief complaint: R LEG CELLULITIS
4bc4dd8d0785e461,2,0,0.0,2,2,2,2,0,0,0,"Chief complaint: s/p Fall, SDH"
b2e2f24fa85e46d1,2,0,0.0,2,2,2,2,0,0,0,"Chief complaint: Chest pain, Jaw pain, L Arm pain"
19f24c74ec4c7de0,1,0,0.0,2,2,2,2,0,0,0,Chief complaint: Altered mental status
1e321956fefc7adc,2,0,0.0,2,2,2,2,0,0,0,"Chief complaint: Chest pain, N/V"
1c5cb0967b325ad4,2,0,0.0,2,2,2,2,0,0,0,"Chief complaint: Transfer, CVA"
e11c5a19042edc70,2,0,0.0,2,2,2,2,0,0,0,Chief complaint: Epigastric pain
c6195d73d0c0f208,2,0,0.0,2,2,2,2,0,0,0,Chief complaint: Chest pain
3820c73fe26c5b76,2,0,0.0,2,2,2,2,0,0,0,"Chief complaint: Hyperglycemia, Overdose"
69684e82ec8b72b5,2,0,0.0,2,2,2,2,0,0,0,"Chief complaint: Psychiatric hold, Altered mental status"
6c42ae8349235208,2,0,0.0,3,3,3,3,0,0,0,Chief complaint: Psych eval
e72b4c7c98f84ede,3,0,0.0,4,4,4,4,0,0,0,Chief complaint: Insomnia
14f045941b10d3ca,3,0,0.0,3,3,3,3,0,0,0,"Chief complaint: L Leg pain, Weakness"
0dd1a559eef4681d,2,0,0.0,2,2,2,2,0,0,0,Chief complaint: Chest pain
f8a6aa292afb83ae,2,0,0.0,2,2,2,2,0,0,0,"Chief complaint: Chest pain, Dizziness"
679d7f8f56a4f873,3,0,0.0,2,2,2,2,0,0,0,"Chief complaint: Chest pain, Transfer"
3951ef437891eeb7,2,0,0.0,2,2,2,2,0,0,0,"Chief complaint: Confusion, s/p Fall"
54ff510796c6647a,2,0,0.0,2,2,2,2,0,0,0,"Chief complaint: Chest pain, NSTEMI, Transfer"
a34f08cb2ddf467d,3,0,0.0,2,2,2,2,0,0,0,Chief complaint: Epigastric pain
37c14f62eafb7333,2,0,0.0,2,2,2,2,0,0,0,"Chief complaint: Fever, Neutropenia"
7baeb4d0fb2e1731,2,0,0.0,2,2,2,2,0,0,0,"Chief complaint: Chest pain, Nausea"
d41452511527d903,2,0,0.0,2,2,2,2,0,0,0,Chief complaint: Syncope
d4c306b88af3ce89,2,0,0.0,2,2,2,2,0,0,0,"Chief complaint: Chest pain, Transfer"
4e28b27e9ff08405,3,0,0.0,2,2,2,2,0,0,0,"Chief complaint: ETOH, SI"
a5a9d1e0652da4ea,3,0,0.0,2,2,2,2,0,0,0,Chief complaint: Assault
a8119cfd45b43d80,2,0,0.0,2,2,2,2,0,0,0,Chief complaint: Lower back pain
04aa4837326d68fa,2,0,0.0,3,3,3,3,0,0,0,"Chief complaint: Fatigue, s/p Fall"
0835f539a7f57096,2,0,0.0,2,2,2,2,0,0,0,Chief complaint: Chest pain
3ec8998eb88a7e7b,2,0,0.0,2,2,2,2,0,0,0,"Chief complaint: Abnormal labs, Weakness"
c2d3637429f7f339,2,0,0.0,2,2,2,2,0,0,0,Chief complaint: Chest pain
6fba94a0c6f637bb,2,0,0.0,3,3,3,3,0,0,0,"Chief complaint: Transfer, MVC"
a278d9f829e879ce,2,0,0.0,2,2,2,2,0,0,0,Chief complaint: Dyspnea
f6ae0ac7bbe0037b,2,0,0.0,2,2,2,2,0,0,0,"Chief complaint: Dyspnea, Transfer"
74098149604bf4d8,2,0,0.0,3,3,3,3,0,0,0,"Chief complaint: Weakness, Abnormal labs"
90f3e14c55f0d4ec,3,0,0.0,3,3,3,3,0,0,0,Chief complaint: Dyspnea on exertion
505326a16af84d75,2,0,0.0,2,2,2,2,0,0,0,Chief complaint: SHORTNESS OF BREATH
e7c36b6a678bcd87,2,0,0.0,2,2,2,2,0,0,0,Chief complaint: ? AORTIC DISECTION
